,x1,x2,x3,x4
0,0.7866385903842965,0.41665826920414445,0.3106180513494303,0.7869609079171099
1,0.5315880744074019,0.3486724732924972,0.42467237318801565,0.6873719029433427
2,0.7668216161506898,0.628118079791354,0.2591256008357206,0.828584156414523
3,0.6587224735881849,0.260559229738781,0.5923248168091844,0.7225283447448102
4,0.7955735361904969,0.414102581020554,0.33088212182566185,0.8557443808250815
5,0.8450871261060512,0.3885494410414335,0.3780529491459711,0.9115915124980678
6,0.700527058607187,0.6300526197487717,0.24373369526353203,0.8305827561217345
7,0.565792546928297,0.6219215649567629,0.4148548101320353,0.8319930510015731
8,0.6122593131125198,0.3327995168140334,0.5871209483705603,0.5855506130372714
9,0.5315851898405556,0.3486724732924972,0.42467237318801565,0.6873719029433427
10,0.5587361752807044,0.3096486488903524,0.5868624780838737,0.5161815631450212
11,0.5902861251613555,0.3753855888747114,0.46800491675102857,0.7194713419169463
12,0.8605267701505024,0.3897131585013115,0.37506330949662914,0.8764387078207261
13,0.4899529576906158,0.5087202942221989,0.4391036308613523,0.7913109083717504
14,0.6151799370443286,0.6511117897300999,0.3702299151355892,0.82176454867836
15,0.3912942812741132,0.5456542916103829,0.5793668397699615,0.832581355828946
16,0.7695403204032625,0.5458092044812477,0.29784531134899955,0.847866369968266
17,0.5773928325004147,0.7338854036528005,0.3278192489284253,0.7833160549023886
18,0.6257446631186495,0.6383370906689317,0.3515898996273721,0.785197266428435
19,0.8196596693565253,0.3326461006858823,0.3757267165657915,0.7247615389581458
20,0.8559042517794173,0.5454219223040857,0.29825024813147527,0.8852587338261636
21,0.7341178395315464,0.3616043303386006,0.4245991399401211,0.8672667900561026
22,0.7161109309939497,0.532104279823534,0.42548655459107854,0.7550969727306618
23,0.6372108163324175,0.47356816903463833,0.29429996058328134,0.7535684713167299
24,0.6907772226669263,0.6126305345616602,0.31792414478643893,0.7955445208543604
25,0.8399598085368757,0.362842884934162,0.34656696038942864,0.8063613280049464
26,0.7929053118577332,0.4272664331872762,0.3302187147564995,0.821176243850987
27,0.8062031650188579,0.5338075730316898,0.2748113009671097,0.9434618126517362
28,0.8082295732283351,0.3863043269709295,0.38466117280892587,0.8762022947525392
29,0.6741837518839828,0.647706700056502,0.2525186695241993,0.8154150392354764
30,0.5894568121930641,0.6637330726631169,0.37410266159777716,0.8539803756239941
31,0.8300657442543036,0.6010943900960535,0.2689810728670817,0.8528046752502796
32,0.7984364687853811,0.615496796858337,0.2624844222112133,0.842457966392973
33,0.42626244286754794,0.5866134043413023,0.5522748458870916,0.8702101327550306
34,0.8049339556065163,0.4107723284826396,0.31692903418269547,0.8385780642316121
35,0.782073763350136,0.54588666091668,0.31836785211191765,0.8704374530129027
36,0.800859504936215,0.6494878238857685,0.2589778419884981,0.8131809357411095
37,0.6844239641881027,0.27898787440083517,0.5707683948995197,0.7960146191476399
38,0.7437883498835356,0.5821231762002941,0.3188847926852909,0.8330514541222255
39,0.46135175626852437,0.34302226954839526,0.587301877571241,0.5308755446138738
40,0.7208921005415775,0.5556420557386986,0.25554535658129973,0.85856587986579
41,0.6637271970663956,0.25792496256272285,0.5788886697395913,0.7699120704329087
42,0.7506464075604498,0.3213419513408944,0.386836631055205,0.6733780678687361
43,0.8366641909150567,0.4247855821393692,0.34150955844659364,0.9242941685079608
44,0.8765577503984309,0.496718662772641,0.25480699312899824,0.8790210659501532
45,0.7486849021050127,0.3427116954353089,0.39927766752105465,0.7556852775580348
46,0.8109194318124455,0.5238965169674495,0.26912840093049306,0.8657382886421706
47,0.7634034044379061,0.5617599915808222,0.31375415749456137,0.9732043951917219
48,0.7957393987841551,0.3482084830512597,0.38842622331832777,0.7673249840421179
49,0.7167527471172361,0.541860048831231,0.32637612316109166,0.9469807302435964
50,0.5748897496195978,0.37329763278914263,0.42773524608525215,0.7503941712358038
51,0.3991330916787458,0.5873131315599427,0.5355905888814699,0.8583312853596661
52,0.7805665771729804,0.40744207594472526,0.3249028425269779,0.7629749835874774
53,0.8445390584052672,0.5643905169000961,0.23011334503629358,0.9508633602480518
54,0.7578145561733337,0.5569591893267277,0.302790709500937,0.8990161558325831
55,0.7436369101241085,0.3529307063128866,0.38661693131152136,0.7501586674486483
56,0.5391355435605651,0.7226598333002803,0.31530497921468115,0.7405175606717768
57,0.6586431479999135,0.5506870889850961,0.4237849585370582,0.8894868906225847
58,0.6327253148865284,0.5023711116308134,0.4082465864690805,0.6871373084372187
59,0.7907635209744067,0.39389281252923325,0.37668736446464346,0.8533929800776525
60,0.5453085166114994,0.39327166430306043,0.36081728886208464,0.6877265225456232
61,0.7860905226835126,0.5447251885708726,0.2752550082925884,0.9319321291724634
62,0.6340161585502168,0.5087977506576313,0.45098895621082563,0.8947789062258472
63,0.7694537833978756,0.5521583870726332,0.25739083442824223,0.834932756576375
64,0.8733991497018079,0.5233546961051012,0.23646206453141494,0.8872591520954382
65,0.6871210341893286,0.47813585361107885,0.4577824169125725,0.7632104873746328
66,0.6825489957380526,0.3441822451514891,0.4839137628965904,0.7968375184811369
67,0.7925447410019544,0.37422561327161763,0.3519216031619532,0.7790831698446038
68,0.6710684196900534,0.3475124976894034,0.38521257608719073,0.7215872388772198
69,0.6056752892859977,0.6738772464050111,0.3196602035453508,0.8064786252580085
70,0.8601301422091456,0.5752306760038466,0.22771410278501739,0.9264127933113286
71,0.8101982901008878,0.3931182481749093,0.3390368593706249,0.7970730222682925
72,0.5489935507575594,0.5144516962585174,0.28123428759127234,0.7261709245569528
73,0.8002825915669689,0.4233936114156567,0.32597118637861594,0.8711466922174637
74,0.38559726175280706,0.5552566444899287,0.6080828886208457,0.8636223916818971
75,0.6434126350518141,0.6078297323075657,0.33512534236543395,0.8115351370741155
76,0.7662302799472125,0.37329763278914263,0.375877490899692,0.7659146891622793
77,0.49836651803935994,0.4488681724023095,0.5866384705020786,0.8093010335797485
78,0.626299942236549,0.6281929169270375,0.23756960970986715,0.7639151801740364
79,0.49934799190879003,0.4562994999756779,0.5736460307579642,0.7747328056775508
80,0.7428292314071638,0.3484404781718784,0.39152786675856727,0.7635632884148503
81,0.8370103389366045,0.37964382189510076,0.35129265879768246,0.8024814258435854
82,0.7051856340638499,0.3270707340774639,0.514663111336076,0.7246442417050838
83,0.5748897496195978,0.37329763278914263,0.42773524608525215,0.7503941712358038
84,0.6129732434069619,0.5122047112596212,0.40772964589570726,0.831052854415014
85,0.8559547316992263,0.6302060358769228,0.2572801229887781,0.8506887782900061
86,0.7978523439990193,0.4333806271726156,0.33390622417989535,0.8810214842194277
87,0.7964893861641752,0.38088611834744635,0.3809693555474186,0.8016585265100884
88,0.8545485053616887,0.5989241131612328,0.21638236952635323,0.9185293267683242
89,0.6644843958635311,0.4877370839335895,0.4632447556378832,0.7114760338070687
90,0.5569455804109066,0.6024115236840825,0.43917686410924683,0.827290249506715
91,0.8104506896999331,0.5432538904833356,0.26359196738966556,0.8457504730079926
92,0.6032810988036259,0.6387262437744857,0.23790174402825945,0.7663847874555588
93,0.6034974413170933,0.5540180898943674,0.4714038010209577,0.7396946613382798
94,0.5870770445449236,0.5393051090189974,0.48572305490339673,0.7242914406648663
95,0.4818566996949571,0.6693870182640029,0.36188563271372265,0.7434572662465788
96,0.6056464436175353,0.6356279863571901,0.41496681392293283,0.8488074758358566
97,0.5489935507575594,0.5144516962585174,0.28123428759127234,0.7261709245569528
98,0.7329784356272852,0.3979976294214715,0.31069128459732487,0.7432217624594233
99,0.9040693066943586,0.5732961360464289,0.22952274043121462,0.9526273654491393
100,0.41129154093560927,0.5734532940313642,0.532747415727917,0.8710284856833701
101,0.6707943858396614,0.5141404486112098,0.43172430417644914,0.7520399699027979
102,0.5416674721098443,0.49168586539792775,0.545851859262929,0.810476733953463
103,0.7046880462828751,0.6227747083035544,0.2497500219699744,0.8236458511325095
104,0.6554340673834815,0.5913393694597132,0.3214694955521572,0.7696769303581658
105,0.7884053875776129,0.4348511768887957,0.3410313884162234,0.8777298868854396
106,0.7962586208164767,0.5492161650832376,0.2780981814461413,0.9308773631759367
107,0.4073829528589663,0.5739921214082851,0.5524600829258837,0.848571972048701
108,0.6261557138942374,0.6481706902977395,0.2878812817972301,0.7441619590459823
109,0.8116910534438123,0.4103831753770856,0.3143831018588322,0.8385780642316121
110,0.6266316674238656,0.5334202908545278,0.4321292409589248,0.8886685376942451
111,0.6563787630256221,0.47821331004651124,0.45224684493936723,0.7506287657419278
112,0.5352341669010378,0.5419393761950555,0.2603455805888815,0.7368731622975713
113,0.8373420641239211,0.3486724732924972,0.36458233937148643,0.7776722475608536
114,0.806578158708868,0.3777092819376831,0.3926349811532083,0.9254671410385807
115,0.7309231817493456,0.4062035213491639,0.3234984873026472,0.797543120561572
116,0.777840661503292,0.5451120965623562,0.269017689491029,0.8689098608800021
117,0.7265602743944213,0.6012478062242046,0.3187727888943934,0.8091828270456549
118,0.7354158946123504,0.6235492726578783,0.2534414084476706,0.8498649696754775
119,0.6227951935183783,0.6914527477202737,0.2869938671462727,0.7847269862789492
120,0.5748897496195978,0.37329763278914263,0.42773524608525215,0.7503941712358038
121,0.8256667798138013,0.5127467192148087,0.3156754532922653,0.8802031312910881
122,0.8882907260454753,0.520567012800892,0.23295548430869972,0.8812578972876146
123,0.8000518262192704,0.5091850328347932,0.24727689211019455,0.8238804456386335
124,0.6061945113183191,0.33667233858565293,0.5903690583065889,0.6060094362457604
125,0.5229725943794216,0.49811250442474564,0.5605803577659553,0.8599770840266601
126,0.8012056529577629,0.4055075359873076,0.32246460615590067,0.822822042517981
127,0.7153176751112361,0.3634640331603348,0.383924532491869,0.7476899694481574
128,0.5310876020595807,0.48177480933368755,0.5761575003769359,0.8402238628986061
129,0.6358262242462267,0.27465106238797815,0.5788154364916968,0.6956027148403757
130,0.6046152109700078,0.3499110278880586,0.5762307336248305,0.6195304451839929
131,0.53966558271856,0.6257158077359147,0.4139329327761863,0.842340669139911
132,0.6473140117113414,0.5153793293919108,0.4351921138561613,0.7463960625403493
133,0.6886210089493687,0.5587403131559943,0.3968049684450859,0.7887249131181974
134,0.5902717023271243,0.5465833946498931,0.4627278150645099,0.7254671410385808
135,0.5315851898405556,0.3486724732924972,0.42467237318801565,0.6873719029433427
136,0.6234586438930114,0.33628318548009895,0.5947242826372585,0.58448675423043
137,0.7978523439990193,0.41433457614117275,0.3352373461563315,0.810594031206525
138,0.8705578513582706,0.32939442714043565,0.3786086602623474,0.7556852775580348
139,0.6225211596679864,0.6012478062242046,0.3673135087341418,0.7940160194404284
140,0.5315851898405556,0.3486724732924972,0.42467237318801565,0.6873719029433427
141,0.621778383705082,0.3392280267692434,0.5688470991018157,0.6364612579903071
142,0.720574798188492,0.5995452613874056,0.2857015157128396,0.7739097244878475
143,0.5453085166114994,0.39327166430306043,0.36081728886208464,0.6877265225456232
144,0.38277038624350074,0.5908716373616916,0.562092408943072,0.8623284847740891
145,0.7620981379399867,0.5633839574251535,0.3107645178452194,0.9408703617119942
146,0.8291066257779317,0.6088362917825083,0.27215336485234887,0.8653854876019531
147,0.4962290540063028,0.2735659239205679,0.5877455848967197,0.6389254095856406
148,0.6303527586555034,0.6242452580197345,0.3528434805178022,0.7873137089573274
149,0.5843367060410042,0.607212325938177,0.336232456760075,0.7617992832137629
150,0.6551095536132806,0.5619134077089734,0.40939247140672463,0.8595069857333806
151,0.7645283855079362,0.5643156797644127,0.28334082042776837,0.9278221789101357
152,0.7912106288355725,0.568184759679248,0.30559511211148693,0.8589186809060076
153,0.757843401841796,0.3629963010623131,0.41245534430396114,0.9174745607717977
154,0.581336756520924,0.6025649398122336,0.4402495157989963,0.8526873779972176
155,0.5773733616742026,0.7255223537401729,0.3230935505201715,0.7659146891622793
156,0.7986744455501951,0.5240514298383143,0.26610171387339265,0.8847859076897896
157,0.8033113867555114,0.5329559264276119,0.29954259956490836,0.8605653888540331
158,0.7479781832276862,0.5495256166392887,0.2958163195985095,0.8130636384880474
159,0.7320337399851445,0.6318337435780382,0.26255851702673016,0.816708036862253
160,0.5453085166114994,0.39327166430306043,0.36081728886208464,0.6877265225456232
161,0.5315851898405556,0.3486724732924972,0.42467237318801565,0.6873719029433427
162,0.5719345108856342,0.7153781799982787,0.3158219197880544,0.7596824769724578
163,0.7037145049722722,0.35819924066500275,0.4082853570120835,0.7927221125326204
164,0.7519372512241381,0.6376411053070754,0.2669137413573998,0.8001300250961564
165,0.6336988561971313,0.6950935743712745,0.31766567449975236,0.83422715449594
166,0.7101254547880205,0.5369821643273825,0.28555504921705044,0.8876046788874037
167,0.7890832607864773,0.5802634733785599,0.2966994264113555,0.8652681903488911
168,0.6661213875487673,0.5669462050836866,0.27762001141577103,0.855274282531802
169,0.8073281460888879,0.368107677429494,0.3510729590539988,0.7756734569046255
170,0.39927732002105737,0.5180119233143871,0.5235932597410989,0.7312283456540912
171,0.8162919375635507,0.6087577127900407,0.24864290757533336,0.8101239329132455
172,0.6167303917241778,0.5168504883871474,0.4962427955715425,0.7496885691553689
173,0.570009062515775,0.6162713612126609,0.4125673480948586,0.8270547457195595
174,0.8421737135913578,0.4158051258573529,0.34988830357335177,0.8863134998226901
175,0.5703941521897469,0.7235878137827553,0.29994753634738414,0.7620338777198868
176,0.7011039719764331,0.6326831450680457,0.24240472720615164,0.830464549587641
177,0.8246932385031983,0.5287747756569765,0.3156754532922653,0.8864317063567837
178,0.6019469866372441,0.5095719408262768,0.507352710060956,0.7087709227383907
179,0.6673833855439932,0.29687394982918425,0.5623896497727616,0.6997181207888922
180,0.7304183825512551,0.41867138815402977,0.3238301908372284,0.8054211314183874
181,0.5352341669010378,0.5419393761950555,0.2603455805888815,0.7368731622975713
182,0.8123833494869077,0.5577337536810516,0.2588300831412756,0.8646798855215181
183,0.6478188109094318,0.5327235571213147,0.42792048312404424,0.8762022947525392
184,0.7966408259236023,0.5325686442504499,0.28640369332500487,0.9244123750420542
185,0.7585789663875848,0.5096493972617092,0.33671493462855673,1.00001
186,0.7820449176816737,0.3705847866206169,0.4019356036358154,0.8639751927221145
187,0.5909063070332952,0.567256779196773,0.4548660105111251,0.7376951523500368
188,0.4171544230505737,0.5748452647550767,0.5296113095827859,0.815885137528756
189,0.6489870604821554,0.32397247666016826,0.5987478034333471,0.647281702265019
190,0.42493554211828166,0.5638516895231752,0.5594732433713142,0.83422715449594
191,0.6334680908494329,0.3354337839900915,0.5815810685592436,0.5894332430417268
192,0.7548073952361379,0.5098817665680063,0.2623366633639908,0.803774423470362
193,0.6917579753946449,0.3300904125022919,0.5022608454132295,0.7394591575511242
194,0.602221020487636,0.6995838025122826,0.3139393945333535,0.7973076167744164
195,0.5352341669010378,0.5419393761950555,0.2603455805888815,0.7368731622975713
196,0.8488370630061515,0.594201889899606,0.21553329463458767,0.9193567725069787
197,0.7556222853701982,0.5401567556230753,0.31836785211191765,0.9493357681151513
198,0.772518635671996,0.6274183525727136,0.26440399487367267,0.8051856276312319
199,0.7377956622604909,0.3876214605589585,0.3472346752967024,0.7588595776389608
200,0.6847196322898413,0.6263369559620875,0.23635135309195085,0.7721460829991725
201,0.7899630536745776,0.6266437882183897,0.267725768841407,0.8323458520417906
202,0.7920759988894418,0.39226510482811777,0.3641730947508993,0.8760840882184456
203,0.774105147437423,0.3672582759394867,0.4148548101320353,0.9001891283632032
204,0.6521240269274315,0.585142854625122,0.3418455698192862,0.82035334451749
205,0.554153319703755,0.6324511499474269,0.41267504404764477,0.8361084569500895
206,0.824051422379912,0.40039615962012665,0.35878398927348315,0.8931331075588532
207,0.9218021813815633,0.49880923815795875,0.24410287698968278,0.9024259597006646
208,0.5905745818459786,0.6500303931194737,0.3112426878755897,0.7378133588841302
209,0.7834150869336334,0.5240514298383143,0.31445633510672677,0.9642661626521909
210,0.5352341669010378,0.5419393761950555,0.2603455805888815,0.7368731622975713
211,0.37961899696399337,0.5473575848185386,0.5348884112693045,0.7797886809969357
212,0.659010930272808,0.6080617274281844,0.3112082251706981,0.7735570143757331
213,0.5761604013153625,0.4940088100895426,0.5374731141361708,0.7158260342617092
214,0.8498971413221412,0.5942804688920736,0.23361975294548434,0.9277039723760423
215,0.7114739897886334,0.6223855551980003,0.2362035942447283,0.8292888492139265
216,0.7287453337804413,0.39071971797625416,0.44874026471665196,0.8524518742100621
217,0.6931642017321824,0.3504535971217637,0.48557658840760765,0.7843741852387317
218,0.751273800849505,0.3621468995723057,0.4158499207357788,0.8745564960855452
219,0.5043831475672285,0.45537151949320287,0.5928417573825576,0.8459850675141165
220,0.5489935507575594,0.5144516962585174,0.28123428759127234,0.7261709245569528
221,0.7865232077104473,0.6540566310192444,0.2580551030650269,0.8093010335797485
222,0.6015864157814652,0.6117773912148686,0.3143443313158292,0.7600352780126753
223,0.6524413292805169,0.2585461107888956,0.5780400256316368,0.7554497737708793
224,0.8633247999913464,0.5257547230464701,0.23668348741034315,0.8078898294188784
225,0.8728655048352553,0.5019842036393298,0.24698180519956064,0.8680896893895996
226,0.7657975949202778,0.6051992069882917,0.30917923342020814,0.843869170553843
227,0.7922130158146378,0.6089897079106594,0.29327038727464627,0.8593896884803186
228,0.6531768938263058,0.5845254482557334,0.3628850511555776,0.8162379385689735
229,0.6349103742725484,0.6788314647872566,0.3198454405841429,0.8458677702610545
230,0.8136525588992494,0.422387051940714,0.2969966672410451,0.842340669139911
231,0.5459611498604591,0.5514612791537417,0.401086959527861,0.6819616808059866
232,0.661585406183069,0.43903457277350166,0.3378952822710923,0.7716757119215836
233,0.5317229279074631,0.6864985293380281,0.31633886036142767,0.7600352780126753
234,0.7692158066330615,0.5700444625009822,0.28588675275163167,0.9526273654491393
235,0.6897676242707456,0.5990812711461682,0.34505490921231186,0.8495130779162916
236,0.64829476443906,0.3367509175781206,0.5950559861718397,0.607537028378661
237,0.7073057906958297,0.5401567556230753,0.40647606500527717,0.7514525743564563
238,0.500166487751408,0.48665306802321445,0.5619071719042799,0.83563835865681
239,0.5599491356395445,0.5133661461868608,0.4719939748422255,0.6544468367931476
240,0.8141501466802241,0.5708190268553062,0.20689607922114292,0.8639751927221145
241,0.7946576862168185,0.5279227548672202,0.3249373052318694,0.9739136343962829
242,0.8140275525892594,0.5602108628721744,0.25643104809701256,0.8633868878947416
243,0.8037873402851394,0.33551236298255915,0.37200043659939264,0.7325222525618993
244,0.7576991734994845,0.3688036627913503,0.3989459639864734,0.8101239329132455
245,0.7623216918705695,0.5421698745729606,0.31175962844896293,0.9534548111877938
246,0.7942754811096929,0.5541715060225185,0.26045456889310103,0.8683279210198496
247,0.7290337904650643,0.3503001809936126,0.39244974411441624,0.7030097181228802
248,0.6986809358255992,0.3352017888694728,0.5014854345531695,0.7775546684306718
249,0.7992225132509789,0.5346592196357677,0.2720068983565598,0.8778480934195332
250,0.8240369995456808,0.3327995168140334,0.37273707691644953,0.7746152356401793
251,0.6532634308316928,0.5059329851036681,0.4504720156374524,0.8751475287560126
252,0.4835218159069439,0.49106658810014703,0.5579611921941974,0.843046271220346
253,0.6534653505109289,0.5461961124727311,0.4274767757985655,0.9064177034288987
254,0.8210731071111785,0.6399647983700472,0.2637392954530769,0.836343960737245
255,0.6393670300499752,0.26187636332681,0.5890379363301528,0.7280540455731652
256,0.7918452335417434,0.5501452681227479,0.2615616832877421,0.838812658737736
257,0.6702246838875308,0.3229659171852256,0.4126018107997502,0.6637396889349592
258,0.7888164383532008,0.3361297693519478,0.37399496564499113,0.7284068466133827
259,0.6647079497941141,0.4851043135002451,0.4475211465311134,0.7154732332214917
260,0.8002825915669689,0.5304006124296998,0.2904616768259849,0.8366967617774625
261,0.6785971391587161,0.25947409127137067,0.590476754259375,0.7365194519763223
262,0.8208062846779021,0.31692656033556965,0.394883672647382,0.7132391297271248
263,0.8421088108373177,0.402798431675566,0.34306038016671336,0.8874864723533102
264,0.6179491212167103,0.30631839635243796,0.600630328688048,0.620703417714613
265,0.5768051020054952,0.6079083113000333,0.41976143774096975,0.7969548157341989
266,0.3065457073318478,0.5817377649515242,0.5196085094880135,0.7409876589650563
267,0.7911962060013413,0.4062821003416315,0.32305477997716847,0.805302924884294
268,0.6923204659296599,0.6134836779084517,0.30747763736618783,0.8138865378215445
269,0.7792468878408296,0.61944445576564,0.2562096252180843,0.8083599277121579
270,0.4256999523325329,0.5832083146677044,0.5255877887866974,0.8410467622321031
271,0.8630002862211454,0.541163315098018,0.26104517349817996,0.8872591520954382
272,0.7575477337400573,0.34890446841311595,0.38034041118314776,0.7913109083717504
273,0.7526800271870426,0.5583511600504402,0.3199186738320374,0.9669758201260263
274,0.8715097584175266,0.495557564612512,0.24945493505934052,0.8778480934195332
275,0.8031383127447376,0.4043438185274296,0.3297750074310208,0.8458677702610545
276,0.6531768938263058,0.531716997646372,0.42530131755228645,0.7486301660347163
277,0.7620548694372932,0.5423247874438254,0.3006497139595494,0.8358738624439656
278,0.7787781457283172,0.3124363321945616,0.3925229773623108,0.6633850693326786
279,0.6952627241128154,0.6470107146946458,0.26056528033256515,0.8510415793302235
280,0.6448188613893516,0.5518485613309037,0.4097974081892003,0.8512761738363476
281,0.774242164362619,0.3676436871882566,0.4113482299093201,0.8825490763523282
282,0.827274925830575,0.4274198493154273,0.3011666545329227,0.8599770840266601
283,0.6446241531272311,0.42122333448083604,0.34874672647381916,0.7047737233239677
284,0.6630781695259936,0.284638078144937,0.5759334927951408,0.7460432615001318
285,0.7879799139677939,0.40186670933630686,0.3368614011243458,0.7956618181074224
286,0.8083088988166065,0.49873215590820474,0.23782764921274263,0.8025987230966475
287,0.8779423424846218,0.5142179050466422,0.24177707519331426,0.8786755391581876
288,0.7265891200628836,0.4183608140409434,0.3275952413466302,0.8048328265910144
289,0.7803718689108597,0.6117773912148686,0.2841506939927198,0.828701453667585
290,0.4801620166727964,0.47619869435391227,0.5745679081138131,0.8223519442247015
291,0.7210940202208136,0.34348625978963276,0.48218201197579,0.8292888492139265
292,0.842736204126373,0.38917058926760634,0.3396270331918927,0.8275257532938705
293,0.7499829571858166,0.35424783990091563,0.48723510608051357,0.7938978129063349
294,0.7611606537149616,0.6241666790272669,0.2732992497899929,0.814356636114824
295,0.5828439426980796,0.2559904226053052,0.5847947157903807,0.6591569125362575
296,0.6656382226020235,0.6177419109288411,0.2849261048527797,0.7606235828400484
297,0.8161765548897014,0.4161156999704393,0.31980667004113994,0.8631513841075861
298,0.7804223488306687,0.3914905404737939,0.3418455698192862,0.7833160549023886
299,0.5962716013672847,0.548906339341508,0.47572025480862434,0.7667375884957763
300,0.5043831475672285,0.49439609226670456,0.5603563501841601,0.8184720420633405
301,0.5489935507575594,0.5144501620972358,0.28123428759127234,0.7261727431190158
302,0.8225081791171784,0.5327235571213147,0.2892468664785578,0.9609745653182029
303,0.7589467486604793,0.3595912113887153,0.37853542701445286,0.7701472105076516
304,0.5453063531863647,0.39327166430306043,0.36081728886208464,0.6877247039835601
305,0.6748904707613094,0.4170436804529143,0.36354845822473997,0.7694417902834229
306,0.6857724991887156,0.5674887743173918,0.30149835806750386,0.8149449409421969
307,0.7563866955844494,0.6257943867283824,0.27197243565166823,0.8269374484664975
308,0.66959007918136,0.3603657757430392,0.4531687222952162,0.7407530644589323
309,0.7769825028665384,0.3700459592436959,0.3723709106769768,0.7767316236122098
310,0.8205683079130881,0.38127152959621624,0.38661693131152136,0.845397671967775
311,0.725932881105366,0.39048398099885123,0.33914886316152243,0.7274666500268238
312,0.5489935507575594,0.5144516962585174,0.28123428759127234,0.7261709245569528
313,0.5612486330037716,0.5290842272130276,0.32246460615590067,0.821293541104049
314,0.7415167534921288,0.3766241434702728,0.4551977140457062,0.8148267344081035
315,0.7784319977067694,0.37701329657582683,0.39979460809442785,0.8959518787564672
316,0.6024157287497567,0.6854919698630855,0.3265268974949922,0.7977777150676959
317,0.8225514476198719,0.3992361840170329,0.33006794042259896,0.848689269301763
318,0.7662230685300969,0.569348477139126,0.2717484280698732,0.9046536982278113
319,0.8431761005704232,0.3346592196357676,0.3765753606737459,0.7543913706502269
320,0.681005752475319,0.5760838193506381,0.3583058192431129,0.842457966392973
321,0.6322926298595938,0.3481299040587921,0.5819127720938247,0.612947250516017
322,0.6921618147531172,0.6411247739731409,0.31526620867167815,0.8016585265100884
323,0.5453085166114994,0.39327166430306043,0.36081728886208464,0.6877265225456232
324,0.6358334356633423,0.48657561158778206,0.46833662028560974,0.8958427650326887
325,0.8829254317114856,0.5276133033111691,0.235465661576238,0.8845494946216027
326,0.47534911688986003,0.464198559647068,0.532971423309712,0.7406348579248387
327,0.7687614873547801,0.3752321727465603,0.34952213733387905,0.7125335276466898
328,0.535237051467884,0.5419375052666634,0.2603438574536369,0.7368722530165398
329,0.43867112829832194,0.518786225738736,0.49569139229327763,0.6424534199878156
330,0.7836386408642162,0.3990790260320976,0.3334280541495251,0.8245860477190685
331,0.7094836386647341,0.5947444591333111,0.306926234087923,0.812122532620457
332,0.6392083788734325,0.27310193367933033,0.5745679081138131,0.7392236537639688
333,0.766461045294911,0.3995430162733351,0.34874672647381916,0.7995417202687835
334,0.8534595813772365,0.5792569139036172,0.22549943502703174,0.9130008980968748
335,0.5624615933626117,0.6287354861607426,0.35336042109117544,0.7710878617347263
336,0.5695561855209168,0.5156890459761942,0.5122248749649989,0.7289951514407558
337,0.5715205755432,0.5400792991876429,0.48661046955435416,0.7379306561371923
338,0.7993451073419439,0.35107474534793653,0.43220247420681934,0.8806668646171472
339,0.7353005119385011,0.3218845205745995,0.5120051752213153,0.8295243530010821
340,0.6806956615393491,0.5242063427091791,0.436557698537489,0.9079452955617993
341,0.8476039106793877,0.5930419142965122,0.2160868518319082,0.8898415102248651
342,0.6997121684731267,0.6339254415203912,0.31224210631744465,0.7942506139465524
343,0.7913260115094218,0.5847574433763522,0.22671751933142356,0.8892504775543977
344,0.7415960790804002,0.5307104381714294,0.28810098154091374,0.8859588802204097
345,0.6701309354650282,0.6491772497726822,0.2429216677795249,0.803068821389927
346,0.5359783851473654,0.5100366794388711,0.22634838068365395,0.8091828270456549
347,0.38758040145959083,0.2477059516851452,0.5677399847071748,0.8652681903488911
348,0.23032823983731043,0.03624614109793556,0.9032990343980875,0.6608027112032515
349,0.2505346305951583,0.20806097905682758,0.6620859471859049,0.8652681903488911
350,0.3433960487924482,0.5039198661537828,0.2852233456824693,0.9024259597006646
351,0.5326092110709676,0.5200251919385437,0.21534891916341786,0.7906062155723469
352,0.4367839004391753,0.2661345963471994,0.47863666121007176,0.8269374484664975
353,0.3339418809539263,0.17352738279569085,0.6302682548947811,0.7179428405030143
354,0.3978566708492886,0.2813864045994903,0.45829935748594575,0.831758456495449
355,0.4635368156545443,0.5119724167904597,0.21401995110603747,0.8229402490520745
356,0.4519848465771009,0.4451525086156252,0.331213825360243,0.8802031312910881
357,0.376691161615069,0.1772430465823751,0.6161299302130226,0.7661492836684034
358,0.24966926054128896,0.03152391783630876,0.7954092288969781,0.5438055208816388
359,0.3764603962673705,0.2578501254270394,0.4632835261808862,0.7824929737126853
360,0.48274226171675,0.5009001877289548,0.20711750210007113,0.83422715449594
361,0.3876885727163245,0.5041522354600799,0.2890616294397657,0.7795535409221928
362,0.3566794791193417,0.24948707551441174,0.5128538193292697,0.7466315663275048
363,0.3154085389668924,0.12428454751596835,0.6203386880479032,0.61976685825218
364,0.4736162133569868,0.35262387405658435,0.3134569166648718,0.8456322664738991
365,0.5839400780996474,0.5597468726309369,0.11395231804768781,0.7873137089573274
366,0.3106994835904204,0.5324137313795851,0.3327991097852543,0.7970730222682925
367,0.3429922094339759,0.3115083517120866,0.4777492465591143,0.8575083860261691
368,0.39070294507063585,0.2779813149258925,0.42836419044952295,0.7927221125326204
369,0.5444885784854582,0.533265377983663,0.1424142044499968,0.8297598567882375
370,0.27536353972409117,0.6199084460068776,0.2416297471299029,0.6990125187084572
371,0.35906645818459787,0.4587017720311173,0.28023917698752887,0.8177664399829054
372,0.4419919858800453,0.4401197112409119,0.21929834514398952,0.7833160549023886
373,0.1982446450901067,0.6404287886112847,0.26100812609042157,0.6865490036098456
374,0.28959166569312533,0.5130564327008348,0.2572801229887781,0.772263653036544
375,0.3851429424745257,0.5149921700524234,0.18493385896138026,0.7289951514407558
376,0.3588645385053617,0.5547140752562236,0.2077822015206669,0.6774971109413787
377,0.41721211438749833,0.46025090073976505,0.35143912529347154,0.8178837372359675
378,0.2833682127223821,0.25939925413568715,0.6903970592543133,0.6847895448139156
379,0.15770205806633059,0.29447167777374483,0.7008047961315614,0.7025396198296007
380,0.5254367356078143,0.5705084527422197,0.16658979193141926,0.7240568461587422
381,0.39735187165119823,0.32467220387880874,0.5153997516531329,0.7931922108259
382,0.2192082346450901,0.01030758987004532,0.9892317890451677,0.4753821232621366
383,0.21814094491198466,0.20434531527014332,0.7642549436750168,0.6465724630604581
384,0.2862311453172663,0.4954801081770796,0.3305848809959722,0.847866369968266
385,0.47687937960178556,0.5098817665680063,0.22963349494905985,0.7630922808405394
386,0.34674214633407613,0.25227475881862094,0.5505387871281798,0.8330514541222255
387,0.20417242995911122,0.0486354289103339,0.8726272270446077,0.6510370329250661
388,0.23328492085469715,0.2123977910696846,0.6661439306868848,0.836461257990307
389,0.3209829643972337,0.5114305210909758,0.28285834255928666,0.8719741379561181
390,0.47942068299331503,0.5146050375495328,0.22487195532771884,0.7366376585104157
391,0.3980874361969871,0.2669839978372067,0.4753885512740432,0.7675604878292733
392,0.30400007709004895,0.177089630454224,0.6184217000883108,0.6879602077707156
393,0.3833545110298625,0.28998144963273675,0.4535391963728004,0.8041272245105795
394,0.43987399267320026,0.5168504883871474,0.2173051084498245,0.8060085269647289
395,0.4111112555077199,0.43763886019300496,0.34874672647381916,0.832464058575884
396,0.3450114062263375,0.16640288747862464,0.6314873730803197,0.6991298159615192
397,0.22762395841896893,0.034697012389287796,0.7789446716350401,0.49219472953435717
398,0.3710518334306875,0.26133379409310487,0.4550124770069141,0.7476899694481574
399,0.46988069929111775,0.5060878979745329,0.2080772884313008,0.8154150392354764
400,0.353484821337141,0.5091075763993609,0.2846331718612015,0.7582721820926194
401,0.32882898621898193,0.24205200608425914,0.5223396788506688,0.7235858385844313
402,0.29800738946700417,0.1385297962933167,0.5902570545156913,0.5958982311756094
403,0.4638735888338418,0.36563056823837126,0.3072967081655072,0.8319930510015731
404,0.5681506803250908,0.5568057731985766,0.12129718202769943,0.7715581418842121
405,0.2816518954488747,0.5311748025983454,0.3406996848816422,0.7714405718468407
406,0.32212236830149493,0.3036878710331641,0.49063399035044264,0.8365794645244005
407,0.3724003684313004,0.2689222796514086,0.436596469080492,0.775320655864408
408,0.5253408237601771,0.5368272514565178,0.14414595537079722,0.817296341689626
409,0.2582941154115195,0.6160393660920421,0.23469025071617813,0.6843167186775416
410,0.33623511159667985,0.4614894553353265,0.27628888943933494,0.7918992131991234
411,0.41825055845214143,0.4511132864728135,0.20508764878195881,0.7581539755585258
412,0.26896701274257406,0.5191735453344658,0.25155888319296965,0.7503941712358038
413,0.36777785006021535,0.5294715093901896,0.1721641344476275,0.7023041160424452
414,0.3479464529923776,0.570276457621601,0.19641338596075564,0.6706775032052156
415,0.3735037152499838,0.4836333895983865,0.33704663816313785,0.7861379176555098
416,0.24883994757299754,0.28231812693874947,0.6688018668016457,0.6723233018722096
417,0.1385052657046636,0.31661972807926747,0.6750783869300193,0.6807887082753666
418,0.338247096971926,0.3344272245151489,0.5141074002196998,0.7717933728870582
419,0.18433382147415783,0.018128070548967812,0.9733574056044976,0.4845476760595397
420,0.1914370673330016,0.22625762859826298,0.7431809996338339,0.6450448709275576
421,0.26551274394421254,0.5031453017994589,0.31958697029745625,0.8319930510015731
422,0.5100244228342312,0.47604527822576115,0.28813975208391673,0.8476317754621421
423,0.38875586244942995,0.19737797793801237,0.6202654548000086,0.8898415102248651
424,0.2720895563536191,0.03864467129659077,0.8979099289206712,0.7643861877483473
425,0.32250457340862054,0.2592420961507519,0.6154277526008574,0.9714403899906343
426,0.4136208286639408,0.5248256200069599,0.26056528033256515,0.9387517369086263
427,0.5232999927164688,0.4893629207063129,0.2655111092683137,0.8042445217636415
428,0.4521096040932004,0.2367123764532436,0.507391480603959,0.8101239329132455
429,0.37522003252349123,0.1753085066249574,0.625839797316217,0.7677959916164289
430,0.46219837663789315,0.3235084864189308,0.42426743640553993,0.9118279255662547
431,0.508137591603026,0.5389178268418354,0.20010434165464064,0.846220571301272
432,0.4604178777520571,0.4105403333620209,0.3876120419152649,0.8679723921365377
433,0.3964360216775199,0.13558869686095631,0.6419338805005709,0.6651490745337661
434,0.29902419928030055,0.06558978199942372,0.7410012335494433,0.5267565015412313
435,0.4490872991800619,0.3006681926083361,0.4169225724255283,0.8064786252580085
436,0.5440645471590623,0.5398469298813457,0.17692429556077285,0.813651034034389
437,0.4075560268697402,0.4638131483982982,0.32704383806836546,0.775320655864408
438,0.3790492950118628,0.21170180570782832,0.532971423309712,0.6671494928030406
439,0.3829290374200434,0.16803059517974006,0.560248654231374,0.621176243850987
440,0.5477228990617947,0.385840336729692,0.3011666545329227,0.8773752672831592
441,0.3250646264846505,0.4864206987169173,0.3724786066297629,0.7774370983933003
442,0.3817175193446264,0.27844530516712995,0.4904487533116506,0.7902534145321294
443,0.4689756664431128,0.3220379367027506,0.3759119536045836,0.7820226935631995
444,0.6205668656296649,0.548906339341508,0.14285360393736407,0.8368140590305245
445,0.29991841500263217,0.5816591859590565,0.2574274510521895,0.7351091570964838
446,0.40563057849988104,0.43105693410964385,0.29311961294074573,0.8336397589495985
447,0.5387317042020928,0.4798391468192346,0.18149921963512616,0.8064786252580085
448,0.2253595734446776,0.6151076437527829,0.2617094421349646,0.7061849274848377
449,0.34765078489063883,0.5064748059660165,0.25185397010360355,0.7823754036753139
450,0.47233546567726026,0.5488288829060757,0.15758210244039034,0.7255853475726742
451,0.39119332143449514,0.5562632039648714,0.2124329435457816,0.7227629392509343
452,0.37480898174790334,0.5623025608145273,0.23945170418075692,0.6797339422788401
453,0.41564002545630246,0.4252495723806067,0.4247456064359102,0.820587939023614
454,0.29856988000201923,0.22889189577432112,0.7374214200788335,0.7006583173754513
455,0.1921798432959061,0.30895266352849604,0.6989610414198635,0.7401647596315593
456,0.5214517065097463,0.5416280537106123,0.20567825338703777,0.7777898266910354
457,0.38323912835601326,0.25939925413568715,0.6132522943545783,0.8391654597779535
458,0.26414978610936835,9.99999999995449e-06,1.00001,0.5924884273075279
459,0.2823225572406234,0.24925508039379296,0.7183764677881406,0.7696769303581658
460,0.3548910476746786,0.5132887271699963,0.3116863952010684,0.9003073348972968
461,0.5077525235633055,0.520567012800892,0.2192612977362311,0.7780249849513989
462,0.38654916881206325,0.2604806507463133,0.5352976558898918,0.8984251231621156
463,0.2560441532714594,0.05986099926285415,0.8467155808042734,0.7212344378370023
464,0.28315187020891475,0.1924985966914502,0.6774778527580935,0.8656209913891086
465,0.35719148973454773,0.49726085782066776,0.30113219182803114,0.9358147591769188
466,0.5011967108005394,0.5300907866879703,0.21357710534818106,0.7647389887885648
467,0.43362529974255243,0.2763536072247771,0.4657562252568549,0.8499831762095711
468,0.34859548053277956,0.17461252126310117,0.6153932898959658,0.7514525743564563
469,0.43036573920631144,0.27921986952145395,0.4584113612768433,0.8504532745028506
470,0.4710648139814955,0.5065522624014488,0.22859995842936226,0.8466906695945515
471,0.4223250091224427,0.46853537165992504,0.32523454606155905,0.8475135689280485
472,0.37749162891489807,0.1856060964950027,0.6028790201822216,0.7575665800121844
473,0.2636449869112779,0.02935364090148812,0.7900933566674566,0.5299389851514407
474,0.4061209548637403,0.24940849652194413,0.47092132315247603,0.805773932458605
475,0.4924170989190086,0.4898276593189072,0.23188507269476816,0.8860770867545031
476,0.36682594300095916,0.5231223267988041,0.2814582951730674,0.7435745634996408
477,0.350737271416106,0.274108493154273,0.4876788134059923,0.7583894793456813
478,0.33982639732023745,0.1429451872986413,0.5928417573825576,0.6069459957081935
479,0.508070208121498,0.36547715211022014,0.3050781715381137,0.8606826861070951
480,0.6053291412644499,0.5550246493693101,0.12676382859112156,0.813651034034389
481,0.28574076895340705,0.53814363667319,0.3442062651043574,0.7556852775580348
482,0.3420763594602976,0.3197928226322465,0.47025791608331363,0.8606826861070951
483,0.4184957466340711,0.27062482448820746,0.43515334331315836,0.7742624345999618
484,0.562576976036461,0.5262969180944969,0.15662145454153836,0.8535102773307146
485,0.3611938262336932,0.46264943093842026,0.27762001141577103,0.810476733953463
486,0.4575491760234804,0.4492535836510793,0.212875789303638,0.7660319864153413
487,0.2923464270312759,0.5270711082631423,0.24712956404678316,0.7835511949771315
488,0.40125324831072556,0.5207219256717568,0.17766093587782975,0.7331096481082408
489,0.3547179736639047,0.5595897146460016,0.20379572813233682,0.7034798164161598
490,0.40520510489006195,0.478368222917376,0.32933130010554207,0.8131809357411095
491,0.28525760400666333,0.2670625768296744,0.6817943065457601,0.6961901103867172
492,0.16652162119868175,0.2841740879036996,0.718303234540246,0.6796157357447465
493,0.38450112635123934,0.33659375959318527,0.4952821476726905,0.8134164395282649
494,0.2323474366296721,0.026876531710365303,0.9582627408619986,0.5676741479582094
495,0.23971750492179217,0.19698882483245833,0.7603046561268229,0.6904289057712066
496,0.2987862225154866,0.4927698813083028,0.3399242740215823,0.9025441662347582
497,0.49537233765297223,0.471165896979199,0.2872523374329593,0.843986467806905
498,0.36787880989983346,0.19040689874909728,0.6221092095117066,0.8627985830673686
499,0.2503038652474598,0.04793944354847757,0.8690818762788896,0.7345208522691108
500,0.2921156616835775,0.2674517299352285,0.600445091649256,0.9427525734471753
501,0.3745565821488581,0.52699365182771,0.26104517349817996,0.9062994968948053
502,0.5181784442809857,0.47464956564526445,0.2709730172098133,0.8216463421442665
503,0.4423770755540172,0.21967570251490193,0.5198282092316971,0.8083599277121579
504,0.36331398286567296,0.16485750062676102,0.6297900848644108,0.7679132888694908
505,0.4403557153365208,0.3245150458938735,0.42316032201089887,0.9033625191630977
506,0.4784197382976729,0.5356657791107103,0.20501355396644197,0.837166860070742
507,0.46024408259957167,0.39466737688355713,0.39167433325435635,0.8849041142238832
508,0.38010937332785266,0.11251266607295868,0.6679187599887997,0.6859625173445356
509,0.29106279478470315,0.057462469064198995,0.7427372923083552,0.5808496301044763
510,0.42836096524818096,0.29687394982918425,0.4243406696534345,0.8397537646053266
511,0.5163590037427255,0.5300133302525379,0.18541375212699512,0.8162379385689735
512,0.4186471863934982,0.45211984594775617,0.33619799405518347,0.824233246678851
513,0.3748738845019435,0.19180261132959392,0.5585513660154652,0.7166489335952062
514,0.3740445715336521,0.15603046047289582,0.5627213533073427,0.6884303060639951
515,0.5196416408137363,0.3897131585013115,0.2869550966032697,0.9006619544995772
516,0.33550675846800654,0.48603341653975535,0.357569178926056,0.8465733723414895
517,0.3782127706264558,0.26210835844742875,0.5152877478622354,0.8590368874401011
518,0.4567400550231126,0.3073249558273806,0.4021208406746075,0.8593896884803186
519,0.5813583907722707,0.5566486152136413,0.12864635384582251,0.8312883582021695
520,0.31293502289624936,0.5764729724561922,0.2637392954530769,0.7689714192058339
521,0.4003662440055096,0.4323740676976729,0.2968846634501476,0.85856587986579
522,0.5067705593175115,0.4770518377007038,0.18722261334999035,0.836343960737245
523,0.2356358428343754,0.6095322771443645,0.26362858401361283,0.7491002643279958
524,0.3333433333333333,0.5062428108453977,0.25794439162556276,0.8152977419824144
525,0.4476046318210992,0.5454993787395181,0.15703069916212553,0.7598006835065514
526,0.35597997165913076,0.5595897146460016,0.2047555144635665,0.7020695215363212
527,0.3604366274365576,0.5612960013395847,0.2357237010791135,0.6780790508015312
528,0.39519565793364053,0.43260606281829167,0.411201763413531,0.8027160203497095
529,0.2748803747773475,0.2454608376146411,0.729301145238762,0.6912518051047036
530,0.15862511945712449,0.32854128379364406,0.6759658015809766,0.7289951514407558
531,0.4993963084034644,0.5379887238023252,0.21110397548840118,0.7719109429244296
532,0.3631409088548991,0.2639643194123788,0.6161299302130226,0.7863730577302527
533,0.24130401668721924,0.0035722476585331453,0.9850230312102872,0.5392227444829373
534,0.24814765152990215,0.2707034034806751,0.6810576662287032,0.7327568470680232
535,0.31828589439600774,0.5221157673238614,0.3050781715381137,0.8657382886421706
536,0.5307796745487456,0.47821331004651124,0.27488453421500425,0.8578611870663866
537,0.40361138170751937,0.19962309200851647,0.6088970700239086,0.8653854876019531
538,0.28124084467328675,0.027572517072221525,0.9030793346544038,0.7171190318884857
539,0.3248699182225299,0.25498386313036253,0.6070490074740992,0.9163015882411777
540,0.4093372468972878,0.5222706801947262,0.26672936588623003,0.9210025711739727
541,0.5349868152939734,0.48456249263789675,0.2615616832877421,0.8450448709275575
542,0.4679264052527963,0.218901138160578,0.5170238066211472,0.8449266643934641
543,0.3924553194297211,0.1568050248272197,0.6328529577616474,0.7847269862789492
544,0.4811535865261883,0.3075569509479994,0.43342159239235795,0.9179473869081717
545,0.516589769090424,0.5237416040965848,0.20733892497899933,0.8655036941360466
546,0.4574525430341317,0.3890134312826711,0.40525694681973856,0.9140647569037161
547,0.4011162313855296,0.1215717013474426,0.6549607829495768,0.7315811466943087
548,0.3156681499830532,0.03593556698484923,0.7734823329097293,0.603772604908299
549,0.4626411576487896,0.27960528077022373,0.43382652917483366,0.8778480934195332
550,0.5452003453547657,0.525057989313257,0.1915041736489543,0.8646798855215181
551,0.4023565951294089,0.4566100740887643,0.33265264328946526,0.822587448011857
552,0.38452276060258606,0.18645923984179424,0.5712121022249984,0.7359320564299808
553,0.39554901737230386,0.14565429161038285,0.5770406071897819,0.6790247030742791
554,0.5615183400038942,0.37422561327161763,0.29721636698472875,0.9205297450375988
555,0.3209324844774247,0.47589186209761003,0.39551261701165275,0.8479845765023596
556,0.37770797142836543,0.26040581361062987,0.5164336327998794,0.883494728625076
557,0.4560181921698433,0.30151759409834344,0.3927082144011029,0.8703283392891241
558,0.6115309599838464,0.5403891249293724,0.14041967540439834,0.8706738660810897
559,0.2901108877254469,0.5818911810796753,0.25949478256187136,0.7360493536830428
560,0.3873712703632391,0.43717486995176746,0.2959627860942986,0.8419878680996935
561,0.49869391637640714,0.47232961443907695,0.18674272018437552,0.8298771540412995
562,0.20908340501481948,0.6192124606450212,0.2571323641415556,0.7118279255662547
563,0.31411769530320405,0.5117401597398661,0.254290052555625,0.7828456838247997
564,0.4317286970411556,0.5451120965623562,0.15463123333405132,0.7347563560562663
565,0.36447502102128093,0.5527776643704139,0.21542258319512356,0.7135919307673422
566,0.368023038242145,0.5741492793932205,0.22970733129429,0.6752602796039171
567,0.40418108365965,0.4456913359925462,0.40116019277575554,0.827407546759777
568,0.2779812841370458,0.2319115741991491,0.7389722417989534,0.7246442417050838
569,0.17060328328609853,0.3034558759125453,0.7002533928532967,0.7468670701146602
570,0.5270542564668383,0.5427895260564197,0.19848028668662634,0.7804941012211644
571,0.3810035890501843,0.2735659239205679,0.5929149906304522,0.8063613280049464
572,0.24834235979202274,0.004268233020389367,0.9861301456049283,0.5506251286178019
573,0.2656713951207552,0.24445427813969844,0.7206251592823143,0.7253498437855188
574,0.33744662967209693,0.5114305210909758,0.31102298813190604,0.8805577508933686
575,0.4783137304660739,0.5095719408262768,0.2303348109936029,0.7692065592805768
576,0.34257394724127244,0.24383312991352563,0.5706176205656192,0.8610354871473126
577,0.217845276810246,0.03639955722608673,0.900606635578435,0.6903116085181447
578,0.2634935471518508,0.20798614192114412,0.6727909248928426,0.8665611879756676
579,0.3632851371972107,0.4968735756435058,0.2851501124345748,0.9277039723760423
580,0.47781325811825287,0.5275358468757366,0.21324497102978873,0.7445147600861998
581,0.39334953515205273,0.2681477152970847,0.4776760133112198,0.8060085269647289
582,0.3206296049585704,0.16555348598861724,0.6496449107200553,0.7518053753966738
583,0.3980297448600625,0.2729485175511792,0.47572025480862434,0.8566845774116406
584,0.46957277178028256,0.5117401597398661,0.21833855881275985,0.8720832516798966
585,0.4069214221635694,0.44367821704266086,0.3360859902642859,0.831758456495449
586,0.34038888785525245,0.16624947135047352,0.6254693232386327,0.7046564260709057
587,0.23885934628503847,0.029974789127660884,0.7869572505223255,0.5332305824854288
588,0.3853376507366463,0.2490979224088577,0.4771590727378465,0.7924875180264964
589,0.4886238935162149,0.4912215009710118,0.2096276793676094,0.8583312853596661
590,0.34095858980738303,0.4897502028834748,0.3131639836732936,0.7365194519763223
591,0.32874966063071054,0.23663379746077595,0.5248123779266376,0.7186475333024177
592,0.30873076671786776,0.12211427058114777,0.6164616337476038,0.5995444481118779
593,0.4818660745372073,0.34890446841311595,0.31847985590281525,0.8630340868545241
594,0.5808031116543713,0.5491387086478052,0.12646658776143196,0.8161206413159114
595,0.268404522207559,0.5143727430803713,0.35531617959377093,0.7364021547232603
596,0.32287235568151496,0.29872991079413425,0.48672247334525176,0.7815523224856106
597,0.3928158902855,0.26946484888511374,0.4331631221056713,0.6914873088918592
598,0.5586784839437798,0.5218059415821319,0.15079294957675493,0.8101239329132455
599,0.2334291491970087,0.6062057664632343,0.25705870010984994,0.6784336704038116
600,0.3493454679127995,0.43585773636373837,0.3016103618584014,0.8183547448102785
601,0.4444755979346502,0.43260606281829167,0.22549943502703174,0.7863730577302527
602,0.5612580078460219,0.5801100572504088,0.09003520085295197,0.7640333867081298
603,0.27671207472470416,0.5100366794388711,0.26975605294333044,0.7814347524482391
604,0.38129204573480735,0.5123595867119182,0.19508441790337522,0.7435745634996408
605,0.3581794538793819,0.5631519623045347,0.20006772503069337,0.6623303033361521
606,0.34787433882122176,0.46845679266745743,0.3569014640187822,0.810359436700401
607,0.2489913873324247,0.26946484888511374,0.6811308994765978,0.7623866787601044
608,0.14383450295307532,0.29826592055289675,0.712099947659767,0.7418105582985532
609,0.34474458379306117,0.33791089318121437,0.5012269642664829,0.7874310062103894
610,0.20179266231097076,0.026565957597278922,0.9648666566868418,0.5225283447448102
611,0.21781643114178367,0.2046558893832297,0.7685757053007949,0.639989268392482
612,0.29005319638852234,0.4902145673103907,0.34427949835225197,0.855274282531802
613,0.4479031844896841,0.5168504883871474,0.23003950869106343,0.7562726731043763
614,0.32276418442478133,0.2578501254270394,0.5526065494216728,0.841635067059476
615,0.19041304610258963,0.03129192271568998,0.9021574572985549,0.624467841184975
616,0.23689062941248584,0.2051198796244672,0.671571806707304,0.8118879381143329
617,0.32954291651342404,0.5003579926809281,0.2917195655545265,0.8790210659501532
618,0.44867336383762774,0.5397694734459133,0.2066746563422147,0.7293479524809733
619,0.3788617981668578,0.2778241569409572,0.46962897171904283,0.816002434781818
620,0.29771893278238104,0.1609846788551415,0.6484645630775197,0.7225283447448102
621,0.37556618054503893,0.2687651216664733,0.4708136271996899,0.827290249506715
622,0.444860687608622,0.5141404486112098,0.2190398748573029,0.8279958515871501
623,0.3878400124757516,0.464198559647068,0.31375415749456137,0.824821551506224
624,0.3322544093488812,0.16926914977530144,0.6150960490662761,0.7318166504814643
625,0.23431615350222473,0.03980838875646869,0.7789446716350401,0.5204097199414423
626,0.36685478866942145,0.2543627149041897,0.46630762853511964,0.7655618881220618
627,0.4580301775450894,0.49664158052288704,0.21246956016972887,0.820470641770552
628,0.3307328003374943,0.5062428108453977,0.2882129853318113,0.7355792553897633
629,0.3189060762679474,0.25885668490198205,0.4955406179593771,0.7206470422906608
630,0.2939401502138185,0.12900677077759526,0.6061271301182501,0.5850777869008974
631,0.4562878991699659,0.3490616263980512,0.32353725784565024,0.822587448011857
632,0.5511497644751171,0.5527776643704139,0.13241140435522436,0.7861379176555098
633,0.24969089479263568,0.5325686442504499,0.3287755889891658,0.7356965526428253
634,0.30759136281360655,0.30221732131698387,0.48266018200616023,0.8115351370741155
635,0.37547243212253645,0.2625723486886663,0.4456386212764125,0.7272311462396682
636,0.5295378685214431,0.5218833980175642,0.15215853425808262,0.82176454867836
637,0.21449196785150249,0.6087577127900407,0.2620045290455985,0.6769060782709111
638,0.3229444698526708,0.451577276714051,0.2924562058715834,0.8070669300853814
639,0.4111112555077199,0.44367821704266086,0.22103311155146793,0.7663847874555588
640,0.2528567069063742,0.5267612825214127,0.2560248189631034,0.7503941712358038
641,0.358842904254015,0.5217284851466994,0.18441562603657358,0.7018340177491658
642,0.3433455688726392,0.4833235638566569,0.3448352094686282,0.7813171824108677
643,0.24785198342816345,0.29184115245447095,0.662456421263489,0.7019513150022277
644,0.1423994309470754,0.3212633723484267,0.6768876789368257,0.6984242138810842
645,0.33072558892037873,0.3448782305133453,0.5057286550929416,0.7721460829991725
646,0.18495400334609752,0.027804512192840303,0.9636518463394147,0.5013602823317602
647,0.205268565360679,0.2092246965167055,0.7502286227841558,0.6316420685234185
648,0.26409930618955935,0.48889855627939693,0.3368226305813428,0.8425752636460351
649,0.45182114740857726,0.5202575612448409,0.226385298856269,0.7451030649135728
650,0.3125383949548926,0.25993808151260817,0.5522748458870916,0.830935557161952
651,0.17950217200672108,0.044452033025627946,0.8929300680638423,0.6410440343890086
652,0.2273643474028081,0.22230996969096,0.6507907956576993,0.820470641770552
653,0.3269540177689318,0.5068620881431783,0.29182726150731264,0.8870227390272512
654,0.4631034094858981,0.5362854305941694,0.21110397548840118,0.7168844373823617
655,0.3752488781919535,0.27960528077022373,0.47114533073427106,0.7950735132800494
656,0.2915026912287534,0.17275281844136697,0.6402710549895535,0.7108877289796958
657,0.3699917551146976,0.2848700732655558,0.46922403493656717,0.8214117476381425
658,0.4353704626845222,0.5185539312695746,0.2171207329786547,0.818824843103558
659,0.40416666082541886,0.4617962875916287,0.31881155943739636,0.8155323364885385
660,0.3307760688401878,0.177089630454224,0.6094872438451764,0.6981896193749602
661,0.22363604475405463,0.03345845779372636,0.7903173642492516,0.4760822696563827
662,0.3546674937440957,0.25730755619333423,0.46893110194498894,0.7344035550160488
663,0.45424706812625754,0.5030682195497049,0.2092955450492171,0.7984833171481309
664,0.3371149044847803,0.4990416074642559,0.3006152512546579,0.7381661599243478
665,0.32376657140384657,0.2398854710062227,0.5260659588170677,0.7165316363421442
666,0.2843922339527941,0.12397397340288197,0.6142129422534301,0.5642643440901279
667,0.44308018872278593,0.3475124976894034,0.3225378394037952,0.823410347345354
668,0.5483964454203896,0.5528543724344894,0.1298267014883581,0.7767316236122098
669,0.2658805262171069,0.5286973192215441,0.34176802873328027,0.7428689614192058
670,0.30658897583454126,0.3015961730908111,0.48417223318327696,0.819059437609682
671,0.363739456475492,0.2681477152970847,0.4355970506386371,0.7391063565109068
672,0.5189673733134299,0.5197928226322466,0.1552558698602107,0.8314056554552315
673,0.2198716850197232,0.6134836779084517,0.25480699312899824,0.6718504757358357
674,0.3160936235928723,0.45529294050073527,0.2865156971159024,0.7922520142393409
675,0.4062074918691272,0.43585773636373837,0.22324777112456118,0.7598006835065514
676,0.24871735348203272,0.523973973402882,0.25842428479117757,0.7469843673677223
677,0.35154495013305065,0.5200251919385437,0.1826451045727702,0.6988943121743637
678,0.32233871081496224,0.47960677751293745,0.3443527316001465,0.7621520842539803
679,0.22445814630523042,0.2878149145547003,0.6626373504641696,0.6850168650717877
680,0.12605114834606151,0.3228125010570745,0.6728641581407371,0.6756148992061977
681,0.3174205243421385,0.3501430230086774,0.48546458461671016,0.7646207822544714
682,0.17368255839445007,0.03825926004782093,0.9478506961466389,0.48478408912772664
683,0.19856915886030763,0.22114625223108209,0.7377186609085231,0.6047182571810469
684,0.2665656108430868,0.49648666765202226,0.3411433922071209,0.8261145491330005
685,0.5481851508989032,0.503764953282918,0.23561298963964938,0.8178837372359675
686,0.39911145742739906,0.24150943685055398,0.5679639922889699,0.8890231572965256
687,0.25501292062393177,0.04515176024426837,0.8808207351325739,0.7088891292724842
688,0.29512282262077316,0.20581586498632348,0.6699089811962867,0.8830219024887022
689,0.392253399750485,0.5008227312935224,0.2975136078144184,0.9509815667821453
690,0.5557037743836042,0.5136758970914547,0.21963047946238184,0.7986015236822245
691,0.45587396382753176,0.26249376969619864,0.47933883882223716,0.833992559989816
692,0.3638620505664568,0.1598995403877312,0.6448115163590153,0.7655618881220618
693,0.437660087618718,0.2752722106141509,0.4690775684407781,0.8711466922174637
694,0.5060197065674376,0.5088752070930637,0.2228419727744632,0.8881957115578711
695,0.4905111213753615,0.4486361772816907,0.3196989740883538,0.8901961298271457
696,0.40711613042568995,0.15354960942498885,0.6354721233334052,0.7455731632068523
697,0.29386803604266276,0.01820290768465127,0.8081087356495144,0.5384043915545977
698,0.4284835593391457,0.2440651250341444,0.4867957065931463,0.8108295349936805
699,0.524021855569738,0.49586701616856316,0.21032899541215244,0.8865499128908771
700,0.4297239230830251,0.5036874968474856,0.2829315758071812,0.8148267344081035
701,0.3947629729067059,0.24429712015476318,0.5100494167187197,0.7656791853751238
702,0.3596866400565375,0.10871842329380682,0.6366524709759408,0.648927500932013
703,0.5247631892492194,0.3464273592219931,0.31903125918108,0.9086545347663602
704,0.6218577092933533,0.5478997798665654,0.12805187218644326,0.852217279703938
705,0.3446868924561366,0.5116627033044338,0.34889319296960825,0.8215290448912045
706,0.3817968449328978,0.2974913561985728,0.4805924197126673,0.8874864723533102
707,0.43867112829832194,0.2641963145329976,0.44250251513128136,0.8071842273384434
708,0.6048459763177062,0.5242063427091791,0.146803891485558,0.8978340904916482
709,0.2930459344914869,0.6031075090459388,0.2504147213905702,0.7407530644589323
710,0.39353703199705775,0.4346977607606446,0.3013131210287118,0.859271481946225
711,0.4920608549134991,0.43291663693137805,0.2236169528507119,0.828584156414523
712,0.21372034622013575,0.6247878272534397,0.2652160223576798,0.7178246339689207
713,0.3210767128197362,0.5007452748580901,0.2679842391280936,0.8163552358220355
714,0.434894509154894,0.508255929795283,0.1886989094707821,0.7775546684306718
715,0.39439519063381145,0.5551780654974612,0.197041037973593,0.7010111184156687
716,0.42370960120863355,0.4621068617047151,0.3536921246257566,0.8374023638578976
717,0.30310586136771733,0.26729457195029316,0.6793991485557973,0.7389890592578447
718,0.1829997093077761,0.2978805093041269,0.6967080420875784,0.7292297459468797
719,0.5371336541692808,0.5658648084730604,0.16525866995498312,0.7264082469061712
720,0.4077002552120517,0.3328780958065011,0.5067625362396881,0.8083599277121579
721,0.23739542861057628,0.011778139586225422,0.985613205031555,0.5247651760822718
722,0.25085193294824365,0.20171104809408524,0.761597007560256,0.6606845046691581
723,0.32453819303521336,0.4907567623584175,0.343357620996403,0.8859588802204097
